{"cameraMode":{"drawMode":0,"name":"Shaded","section":"Shading Mode"},"sceneLighting":false,"audioPlay":false,"sceneViewState":{"m_AlwaysRefresh":false,"showFog":true,"showSkybox":false,"showFlares":true,"showImageEffects":true,"showParticleSystems":true,"showVisualEffectGraphs":true,"m_FxEnabled":true},"in2DMode":false,"pivot":{"x":-3.5090394020080568,"y":2.4725685119628908,"z":-6.685894012451172},"rotation":{"x":-0.00033604991040192544,"y":0.982712984085083,"z":-0.0017781179631128908,"w":-0.18522608280181886},"size":7.493629455566406,"orthographic":false}