{"cameraMode":{"drawMode":0,"name":"Shaded","section":"Shading Mode"},"sceneLighting":false,"audioPlay":false,"sceneViewState":{"m_AlwaysRefresh":false,"showFog":true,"showSkybox":false,"showFlares":true,"showImageEffects":true,"showParticleSystems":true,"showVisualEffectGraphs":true,"m_FxEnabled":true},"in2DMode":false,"pivot":{"x":0.0274200439453125,"y":-0.008121967315673828,"z":2.243276596069336},"rotation":{"x":-0.12877066433429719,"y":0.7364213466644287,"z":-0.14637592434883119,"w":-0.6478466391563416},"size":8.213678359985352,"orthographic":false}