{"cameraMode":{"drawMode":0,"name":"Shaded","section":"Shading Mode"},"sceneLighting":false,"audioPlay":false,"sceneViewState":{"m_AlwaysRefresh":false,"showFog":true,"showSkybox":false,"showFlares":true,"showImageEffects":true,"showParticleSystems":true,"showVisualEffectGraphs":true,"m_FxEnabled":true},"in2DMode":false,"pivot":{"x":-16.6168270111084,"y":2.7625701427459719,"z":-0.5736851692199707},"rotation":{"x":0.0008076363592408598,"y":0.7394285202026367,"z":-0.0008872758480720222,"w":0.6732594966888428},"size":6.9910759925842289,"orthographic":false}