{"cameraMode":{"drawMode":0,"name":"Shaded","section":"Shading Mode"},"sceneLighting":false,"audioPlay":false,"sceneViewState":{"m_AlwaysRefresh":false,"showFog":true,"showSkybox":false,"showFlares":true,"showImageEffects":true,"showParticleSystems":true,"showVisualEffectGraphs":true,"m_FxEnabled":true},"in2DMode":false,"pivot":{"x":5.6433916091918949,"y":2.403595447540283,"z":-1.314894676208496},"rotation":{"x":0.017610587179660798,"y":0.5787945985794067,"z":-0.012504391372203827,"w":0.8152085542678833},"size":6.589138984680176,"orthographic":false}