{"cameraMode":{"drawMode":0,"name":"Shaded","section":"Shading Mode"},"sceneLighting":true,"audioPlay":false,"sceneViewState":{"m_AlwaysRefresh":false,"showFog":true,"showSkybox":false,"showFlares":true,"showImageEffects":true,"showParticleSystems":true,"showVisualEffectGraphs":true,"m_FxEnabled":true},"in2DMode":false,"pivot":{"x":-0.5899235010147095,"y":1.8562829494476319,"z":4.169330596923828},"rotation":{"x":-0.06527486443519592,"y":-0.05176575109362602,"z":0.0034390657674521209,"w":-0.9965643286705017},"size":4.478675842285156,"orthographic":false}