{"cameraMode":{"drawMode":0,"name":"Shaded","section":"Shading Mode"},"sceneLighting":true,"audioPlay":false,"sceneViewState":{"m_AlwaysRefresh":false,"showFog":true,"showSkybox":true,"showFlares":true,"showImageEffects":true,"showParticleSystems":true,"showVisualEffectGraphs":true,"m_FxEnabled":true},"in2DMode":false,"pivot":{"x":1047.22216796875,"y":564.345947265625,"z":-300.59344482421877},"rotation":{"x":0.12804892659187318,"y":0.0011901616817340255,"z":-0.000152441585669294,"w":0.9917818307876587},"size":12.311172485351563,"orthographic":false}